{
  "experiment_id": "20260424T083823Z_h002_multi_agent_verify_n20",
  "timestamp_utc": "2026-04-24T08:38:23Z",
  "harness_id": "h002_multi_agent_verify",
  "pipeline": "multi",
  "description": "multi baseline smoke for harness infrastructure",
  "notes": "",
  "data": {
    "path": "synthetic_data_subset_1500.json",
    "sha256": "cf13b498609079d37ba7ccd4cb9886b7d8a60a8bcd75e48ab5b4debb939b1c21",
    "row_ok_only": true,
    "limit": 20
  },
  "code": {
    "commit": "22c397481d9a5ddd691bfc34fbd5f0d1f74ea9da",
    "dirty": true
  },
  "summary": {
    "n": 20,
    "exact_label_accuracy": 0.4,
    "monthly_rate_accuracy_tolerance_15pct": 0.7,
    "pragmatic": {
      "micro_f1": 0.7,
      "macro_f1": 0.6464285714285715,
      "weighted_f1": 0.7064285714285715,
      "per_class": {
        "NS": {
          "precision": 0.3333333333333333,
          "recall": 1.0,
          "f1": 0.5,
          "support": 1
        },
        "UNK": {
          "precision": 0.5555555555555556,
          "recall": 1.0,
          "f1": 0.7142857142857143,
          "support": 5
        },
        "frequent": {
          "precision": 1.0,
          "recall": 0.6666666666666666,
          "f1": 0.8,
          "support": 9
        },
        "infrequent": {
          "precision": 1.0,
          "recall": 0.4,
          "f1": 0.5714285714285715,
          "support": 5
        }
      }
    },
    "purist": {
      "micro_f1": 0.7,
      "macro_f1": 0.6158008658008658,
      "weighted_f1": 0.6691558441558442,
      "per_class": {
        "(1/6M,1/M)": {
          "precision": 1.0,
          "recall": 0.4,
          "f1": 0.5714285714285715,
          "support": 5
        },
        "(1/M,1/W)": {
          "precision": 0.0,
          "recall": 0.0,
          "f1": 0.0,
          "support": 2
        },
        "(1/W,1/D)": {
          "precision": 1.0,
          "recall": 0.8333333333333334,
          "f1": 0.9090909090909091,
          "support": 6
        },
        ">=1/D": {
          "precision": 1.0,
          "recall": 1.0,
          "f1": 1.0,
          "support": 1
        },
        "NS": {
          "precision": 0.3333333333333333,
          "recall": 1.0,
          "f1": 0.5,
          "support": 1
        },
        "UNK": {
          "precision": 0.5555555555555556,
          "recall": 1.0,
          "f1": 0.7142857142857143,
          "support": 5
        }
      }
    },
    "pragmatic_confusion": {
      "frequent": {
        "frequent": 6,
        "UNK": 3
      },
      "infrequent": {
        "NS": 2,
        "infrequent": 2,
        "UNK": 1
      },
      "UNK": {
        "UNK": 5
      },
      "NS": {
        "NS": 1
      }
    }
  },
  "error_categories": {
    "cluster_error": 2,
    "correct": 8,
    "exact_label_mismatch": 1,
    "seizure_free_error": 2,
    "unknown_or_no_reference_error": 7
  },
  "prediction_label_counts": {
    "no seizure frequency reference": 9,
    "seizure free for multiple month": 3,
    "3 per week": 2,
    "2 cluster per month, 6 per cluster": 1,
    "2 per 5 month": 1,
    "4 per day": 1,
    "1 per 6 week": 1,
    "1 per 4 day": 1,
    "2 per 2 week": 1
  },
  "rows": [
    {
      "source_row_index": 11118,
      "gold_label": "2 cluster per month, 6 per cluster",
      "predicted_label": "2 cluster per month, 6 per cluster",
      "exact_match": true,
      "monthly_rate_match": true,
      "gold_pragmatic_class": "frequent",
      "predicted_pragmatic_class": "frequent",
      "gold_purist_class": "(1/W,1/D)",
      "predicted_purist_class": "(1/W,1/D)",
      "confidence": 0.64
    },
    {
      "source_row_index": 16750,
      "gold_label": "6 per 7 month",
      "predicted_label": "seizure free for multiple month",
      "exact_match": false,
      "monthly_rate_match": false,
      "gold_pragmatic_class": "infrequent",
      "predicted_pragmatic_class": "NS",
      "gold_purist_class": "(1/6M,1/M)",
      "predicted_purist_class": "NS",
      "confidence": 0.62
    },
    {
      "source_row_index": 14706,
      "gold_label": "2 per 5 month",
      "predicted_label": "2 per 5 month",
      "exact_match": true,
      "monthly_rate_match": true,
      "gold_pragmatic_class": "infrequent",
      "predicted_pragmatic_class": "infrequent",
      "gold_purist_class": "(1/6M,1/M)",
      "predicted_purist_class": "(1/6M,1/M)",
      "confidence": 0.72
    },
    {
      "source_row_index": 12383,
      "gold_label": "4 per day",
      "predicted_label": "4 per day",
      "exact_match": true,
      "monthly_rate_match": true,
      "gold_pragmatic_class": "frequent",
      "predicted_pragmatic_class": "frequent",
      "gold_purist_class": ">=1/D",
      "predicted_purist_class": ">=1/D",
      "confidence": 0.72
    },
    {
      "source_row_index": 5555,
      "gold_label": "multiple per week",
      "predicted_label": "3 per week",
      "exact_match": false,
      "monthly_rate_match": true,
      "gold_pragmatic_class": "frequent",
      "predicted_pragmatic_class": "frequent",
      "gold_purist_class": "(1/W,1/D)",
      "predicted_purist_class": "(1/W,1/D)",
      "confidence": 0.64
    },
    {
      "source_row_index": 6216,
      "gold_label": "4 per 6 week",
      "predicted_label": "no seizure frequency reference",
      "exact_match": false,
      "monthly_rate_match": false,
      "gold_pragmatic_class": "frequent",
      "predicted_pragmatic_class": "UNK",
      "gold_purist_class": "(1/M,1/W)",
      "predicted_purist_class": "UNK",
      "confidence": 0.25
    },
    {
      "source_row_index": 10703,
      "gold_label": "unknown, 2 to 3 per cluster",
      "predicted_label": "no seizure frequency reference",
      "exact_match": false,
      "monthly_rate_match": true,
      "gold_pragmatic_class": "UNK",
      "predicted_pragmatic_class": "UNK",
      "gold_purist_class": "UNK",
      "predicted_purist_class": "UNK",
      "confidence": 0.25
    },
    {
      "source_row_index": 10594,
      "gold_label": "unknown, 2 per cluster",
      "predicted_label": "no seizure frequency reference",
      "exact_match": false,
      "monthly_rate_match": true,
      "gold_pragmatic_class": "UNK",
      "predicted_pragmatic_class": "UNK",
      "gold_purist_class": "UNK",
      "predicted_purist_class": "UNK",
      "confidence": 0.25
    },
    {
      "source_row_index": 14036,
      "gold_label": "unknown",
      "predicted_label": "no seizure frequency reference",
      "exact_match": false,
      "monthly_rate_match": true,
      "gold_pragmatic_class": "UNK",
      "predicted_pragmatic_class": "UNK",
      "gold_purist_class": "UNK",
      "predicted_purist_class": "UNK",
      "confidence": 0.25
    },
    {
      "source_row_index": 4562,
      "gold_label": "1 per 6 week",
      "predicted_label": "1 per 6 week",
      "exact_match": true,
      "monthly_rate_match": true,
      "gold_pragmatic_class": "infrequent",
      "predicted_pragmatic_class": "infrequent",
      "gold_purist_class": "(1/6M,1/M)",
      "predicted_purist_class": "(1/6M,1/M)",
      "confidence": 0.62
    },
    {
      "source_row_index": 14369,
      "gold_label": "2 per 3 month",
      "predicted_label": "seizure free for multiple month",
      "exact_match": false,
      "monthly_rate_match": false,
      "gold_pragmatic_class": "infrequent",
      "predicted_pragmatic_class": "NS",
      "gold_purist_class": "(1/6M,1/M)",
      "predicted_purist_class": "NS",
      "confidence": 0.62
    },
    {
      "source_row_index": 9786,
      "gold_label": "unknown",
      "predicted_label": "no seizure frequency reference",
      "exact_match": false,
      "monthly_rate_match": true,
      "gold_pragmatic_class": "UNK",
      "predicted_pragmatic_class": "UNK",
      "gold_purist_class": "UNK",
      "predicted_purist_class": "UNK",
      "confidence": 0.25
    },
    {
      "source_row_index": 9879,
      "gold_label": "unknown",
      "predicted_label": "no seizure frequency reference",
      "exact_match": false,