{
  "experiment_id": "20260424T180629Z_h003_single_prompt_llm_n25",
  "timestamp_utc": "2026-04-24T18:06:29Z",
  "harness_id": "h003_single_prompt_llm",
  "pipeline": "single_llm",
  "description": "h003 ollama think-disabled parser-tolerant 25-row smoke",
  "notes": "",
  "data": {
    "path": "synthetic_data_subset_1500.json",
    "sha256": "cf13b498609079d37ba7ccd4cb9886b7d8a60a8bcd75e48ab5b4debb939b1c21",
    "row_ok_only": true,
    "limit": 25
  },
  "code": {
    "commit": "47a1bd128e8c79ca07a43e1de1ebdaca53c1eeef",
    "dirty": true
  },
  "summary": {
    "n": 25,
    "exact_label_accuracy": 0.2,
    "monthly_rate_accuracy_tolerance_15pct": 0.28,
    "pragmatic": {
      "micro_f1": 0.36,
      "macro_f1": 0.27240896358543415,
      "weighted_f1": 0.3611204481792717,
      "per_class": {
        "NS": {
          "precision": 0.0,
          "recall": 0.0,
          "f1": 0.0,
          "support": 2
        },
        "UNK": {
          "precision": 0.21052631578947367,
          "recall": 0.8,
          "f1": 0.3333333333333333,
          "support": 5
        },
        "frequent": {
          "precision": 0.8,
          "recall": 0.3333333333333333,
          "f1": 0.47058823529411764,
          "support": 12
        },
        "infrequent": {
          "precision": 1.0,
          "recall": 0.16666666666666666,
          "f1": 0.2857142857142857,
          "support": 6
        }
      }
    },
    "purist": {
      "micro_f1": 0.32,
      "macro_f1": 0.3116883116883117,
      "weighted_f1": 0.2981818181818182,
      "per_class": {
        "(1/6M,1/M)": {
          "precision": 1.0,
          "recall": 0.2,
          "f1": 0.33333333333333337,
          "support": 5
        },
        "(1/M,1/W)": {
          "precision": 1.0,
          "recall": 0.5,
          "f1": 0.6666666666666666,
          "support": 2
        },
        "(1/W,1/D)": {
          "precision": 0.3333333333333333,
          "recall": 0.125,
          "f1": 0.18181818181818182,
          "support": 8
        },
        "1/M": {
          "precision": 0.0,
          "recall": 0.0,
          "f1": 0.0,
          "support": 1
        },
        ">=1/D": {
          "precision": 1.0,
          "recall": 0.5,
          "f1": 0.6666666666666666,
          "support": 2
        },
        "NS": {
          "precision": 0.0,
          "recall": 0.0,
          "f1": 0.0,
          "support": 2
        },
        "UNK": {
          "precision": 0.21052631578947367,
          "recall": 0.8,
          "f1": 0.3333333333333333,
          "support": 5
        }
      }
    },
    "pragmatic_confusion": {
      "frequent": {
        "UNK": 8,
        "frequent": 4
      },
      "infrequent": {
        "UNK": 5,
        "infrequent": 1
      },
      "UNK": {
        "UNK": 4,
        "frequent": 1
      },
      "NS": {
        "UNK": 2
      }
    }
  },
  "runtime_summary": {
    "provider": "ollama",
    "model": "qwen3.5:4b",
    "invalid_output_rate": 0.28,
    "mean_latency_ms": 1293.6222222222223,
    "max_latency_ms": 2394.3,
    "mean_prompt_tokens": 809.6666666666666,
    "mean_completion_tokens": 42.666666666666664,
    "mean_total_tokens": 852.3333333333334
  },
  "error_categories": {
    "cluster_error": 4,
    "correct": 5,
    "monthly_rate_mismatch": 2,
    "seizure_free_error": 2,
    "unknown_or_no_reference_error": 12
  },
  "prediction_label_counts": {
    "unknown": 13,
    "no seizure frequency reference": 4,
    "2 per week": 2,
    "2 per 5 month": 1,
    "4 per day": 1,
    "4 per 6 week": 1,
    "4 per week": 1,
    "\u22643 per week": 1,
    "5 or 7 focal onset seizures in three weeks": 1
  },
  "rows": [
    {
      "source_row_index": 11118,
      "gold_label": "2 cluster per month, 6 per cluster",
      "predicted_label": "unknown",
      "exact_match": false,
      "monthly_rate_match": false,
      "gold_pragmatic_class": "frequent",
      "predicted_pragmatic_class": "UNK",
      "gold_purist_class": "(1/W,1/D)",
      "predicted_purist_class": "UNK",
      "confidence": 0.0
    },
    {
      "source_row_index": 16750,
      "gold_label": "6 per 7 month",
      "predicted_label": "no seizure frequency reference",
      "exact_match": false,
      "monthly_rate_match": false,
      "gold_pragmatic_class": "infrequent",
      "predicted_pragmatic_class": "UNK",
      "gold_purist_class": "(1/6M,1/M)",
      "predicted_purist_class": "UNK",
      "confidence": 0.0
    },
    {
      "source_row_index": 14706,
      "gold_label": "2 per 5 month",
      "predicted_label": "2 per 5 month",
      "exact_match": true,
      "monthly_rate_match": true,
      "gold_pragmatic_class": "infrequent",
      "predicted_pragmatic_class": "infrequent",
      "gold_purist_class": "(1/6M,1/M)",
      "predicted_purist_class": "(1/6M,1/M)",
      "confidence": 0.0
    },
    {
      "source_row_index": 12383,
      "gold_label": "4 per day",
      "predicted_label": "4 per day",
      "exact_match": true,
      "monthly_rate_match": true,
      "gold_pragmatic_class": "frequent",
      "predicted_pragmatic_class": "frequent",
      "gold_purist_class": ">=1/D",
      "predicted_purist_class": ">=1/D",
      "confidence": 0.0
    },
    {
      "source_row_index": 5555,
      "gold_label": "multiple per week",
      "predicted_label": "unknown",
      "exact_match": false,
      "monthly_rate_match": false,
      "gold_pragmatic_class": "frequent",
      "predicted_pragmatic_class": "UNK",
      "gold_purist_class": "(1/W,1/D)",
      "predicted_purist_class": "UNK",
      "confidence": 0.0
    },
    {
      "source_row_index": 6216,
      "gold_label": "4 per 6 week",
      "predicted_label": "4 per 6 week",
      "exact_match": true,
      "monthly_rate_match": true,
      "gold_pragmatic_class": "frequent",
      "predicted_pragmatic_class": "frequent",
      "gold_purist_class": "(1/M,1/W)",
      "predicted_purist_class": "(1/M,1/W)",
      "confidence": 0.0
    },
    {
      "source_row_index": 10703,
      "gold_label": "unknown, 2 to 3 per cluster",
      "predicted_label": "unknown",
      "exact_match": false,
      "monthly_rate_match": true,
      "gold_pragmatic_class": "UNK",
      "predicted_pragmatic_class": "UNK",
      "gold_purist_class": "UNK",
      "predicted_purist_class": "UNK",
      "confidence": 0.0
    },
    {
      "source_row_index": 10594,
      "gold_label": "unknown, 2 per cluster",
      "predicted_label": "unknown",
      "exact_match": false,
      "monthly_rate_match": true,
      "gold_pragmatic_class": "UNK",
      "predicted_pragmatic_class": "UNK",
      "gold_purist_class": "UNK",
      "predicted_purist_class": "UNK",
      "confidence": 0.0
    },
    {
      "source_row_index": 14036,
      "gold_label": "unknown",
      "predicted_label": "4 per week",
      "exact_match": false,
      "monthly_rate_match": false,
      "gold_pragmatic_class": "UNK",
      "predicted_pragmatic_class": "frequent",
      "gold_purist_class": "UNK",
      "predicted_purist_class": "(1/W,1/D)",
      "confidence": 0.0
    },
    {
      "source_row_index": 4562,
      "gold_label": "1 per 6 week",
      "predicted_label": "unknown",
      "exact_match": false,
      "monthly_rate_match": false,
      "gold_pragmatic_class": "infrequent",
      "predicted_pragmatic_class": "UNK",
      "gold_purist_class": "(1/6M,1/M)",
      "predicted_purist_class": "UNK",
      "confidence": 0.0
    },
    {
      "source_row_index": 14369,
      "gold_label": "2 per 3 month",
      "predicted_label": "no seizure frequency reference",
      "exact_match": false,
      "monthly_rate_match": false,
      "gold_pragmatic_class": "infrequent",
      "predicted_pragmatic_class": "UNK",
      "gold_purist_class": "(1/6M,1/M)",
      "predicted_purist_class": "UNK",
      "confidence": 0.0
    },
    {
      "source_row_index": 9786,
      "gold_label": "unknown",
      "predicted_label": "unknown",
      "exact_match": true,
      "monthly_rate_match": true,